<?xml version="1.0" encoding="UTF-8"?>
<FTL>
<!--
\\\\\\\\\\\\\\\\\\\\\\\\\\\\\\\\\\\\\\\\\\\\\\\\\\\\\\\\\\\\\\\\\\\\\\\\\\\\\\\\\\\\\\\\\\\\\\\\\\\\\\\\\\\\\\\\\\\\\\\\\\\\\\\\\\\\\\
\\\\\\\\\\\\\\\\\\\\\\\\\\\\\\\\\\\\\\\\\\\\\\\\\\\\\\\\\\\\\\\\\\\\\\\\\\\\\\\\\\\\\\\\\\\\\\\\\\\\\\\\\\\\\\\\\\\\\\\\\\\\\\\\\\\\\\
\\\\\\\\\\\\\\\\\\\\\\\\\\\\\\\\\\\\\\\\\\\\\\\\\\\\\\\\\\\\\\\\\\\\\\\\\\\\\\\\\\\\\\\\\\\\\\\\\\\\\\\\\\\\\\\\\\\\\\\\\\\\\\\\\\\\\\
\\\\\\\\\\\\\\\\\\\\\\\\\\\\\\\\\\\\\\\\\\\\\\\\\\\\\\\\\\\\\\\\\\\\\\\\\\\\\\\\\\\\\\\\\\\\\\\\\\\\\\\\\\\\\\\\\\\\\\\\\\\\\\\\\\\\\\
\\\\\\\\\\\\\\\\\\\\\\\\\\\\\\\\\\\\\\\\\\\\\\\\\\\\\\\\\\\\\\\\\\\\\\\\\\\\\\\\\\\\\\\\\\\\\\\\\\\\\\\\\\\\\\\\\\\\\\\\\\\\\\\\\\\\\\
\\\\\\\\\\\\\\\\\\\\\\\\\\\\\\\\\\\\\\\\\\\\\\\\\\\\\\\\\\\\\\\\\\\\\\\\\\\\\\\\\\\\\\\\\\\\\\\\\\\\\\\\\\\\\\\\\\\\\\\\\\\\\\\\\\\\\\
					SCIENCE SECTOR
\\\\\\\\\\\\\\\\\\\\\\\\\\\\\\\\\\\\\\\\\\\\\\\\\\\\\\\\\\\\\\\\\\\\\\\\\\\\\\\\\\\\\\\\\\\\\\\\\\\\\\\\\\\\\\\\\\\\\\\\\\\\\\\\\\\\\\
\\\\\\\\\\\\\\\\\\\\\\\\\\\\\\\\\\\\\\\\\\\\\\\\\\\\\\\\\\\\\\\\\\\\\\\\\\\\\\\\\\\\\\\\\\\\\\\\\\\\\\\\\\\\\\\\\\\\\\\\\\\\\\\\\\\\\\
\\\\\\\\\\\\\\\\\\\\\\\\\\\\\\\\\\\\\\\\\\\\\\\\\\\\\\\\\\\\\\\\\\\\\\\\\\\\\\\\\\\\\\\\\\\\\\\\\\\\\\\\\\\\\\\\\\\\\\\\\\\\\\\\\\\\\\
\\\\\\\\\\\\\\\\\\\\\\\\\\\\\\\\\\\\\\\\\\\\\\\\\\\\\\\\\\\\\\\\\\\\\\\\\\\\\\\\\\\\\\\\\\\\\\\\\\\\\\\\\\\\\\\\\\\\\\\\\\\\\\\\\\\\\\
\\\\\\\\\\\\\\\\\\\\\\\\\\\\\\\\\\\\\\\\\\\\\\\\\\\\\\\\\\\\\\\\\\\\\\\\\\\\\\\\\\\\\\\\\\\\\\\\\\\\\\\\\\\\\\\\\\\\\\\\\\\\\\\\\\\\\\
\\\\\\\\\\\\\\\\\\\\\\\\\\\\\\\\\\\\\\\\\\\\\\\\\\\\\\\\\\\\\\\\\\\\\\\\\\\\\\\\\\\\\\\\\\\\\\\\\\\\\\\\\\\\\\\\\\\\\\\\\\\\\\\\\\\\\\
-->

<!--
\\\\\\\\\\\\\\\\\\\\\\\\\\\\\\\\\\\\\\\\\\\\\\\\\\\\\\\\\\\\\\\\\\\\\\\\\\\\\\\\\\\\\\\\\\\\\\\\\\\\\\\\\\\\\\\\\\\\\\\\\\\\\\\\\\\\\\
\\\\\\\\\\\\\\\\\\\\\\\\\\\\\\\\\\\\\\\\\\\\\\\\\\\\\\\\\\\\\\\\\\\\\\\\\\\\\\\\\\\\\\\\\\\\\\\\\\\\\\\\\\\\\\\\\\\\\\\\\\\\\\\\\\\\\\
					EXIT BEACON
\\\\\\\\\\\\\\\\\\\\\\\\\\\\\\\\\\\\\\\\\\\\\\\\\\\\\\\\\\\\\\\\\\\\\\\\\\\\\\\\\\\\\\\\\\\\\\\\\\\\\\\\\\\\\\\\\\\\\\\\\\\\\\\\\\\\\\
\\\\\\\\\\\\\\\\\\\\\\\\\\\\\\\\\\\\\\\\\\\\\\\\\\\\\\\\\\\\\\\\\\\\\\\\\\\\\\\\\\\\\\\\\\\\\\\\\\\\\\\\\\\\\\\\\\\\\\\\\\\\\\\\\\\\\\
-->
<event name="FINISH_BEACON_RAD_SCIENCE">
	<text id="finish_beacon" />
	<choice hidden="true">
		<text>Explore.</text>
		<event load="EXIT_FILLER_LIST" />
	</choice>
	<choice hidden="true">
		<text>Do something onboard the ship.</text>
		<event load="STORAGE_CHECK" />
	</choice>
	<choice hidden="true">
		<text>Do nothing.</text>
		<event />
	</choice>
</event>

  <event name="START_RAD_SCIENCE">
    <metaVariable name="juke_galactic" op="set" val="1" />
    <preventQuest />
    <beaconType id="map_icon_start" global="false">
      <color r="46" g="252" b="51" a="1" />
    </beaconType>
    <text>You have arrived in the sector belonging to the Scientists. The scientists keep to themselves, although there is a large civilian population who feel safe in their sector. The scientists in turn have started guarding their beacons against all who try to start trouble. We be fine if we keep out of the way.</text>
    <ship load="SHIP_RAD_SCIENCE_GUARD" hostile="false" />
    <changeBackground>BACK_SECTOR_UNION</changeBackground>
    <choice hidden="true" blue="false">
      <text>Continue...</text>
      <event load="GUARD_RAD_SCIENCE" />
    </choice>
  </event>

  <event name="GUARD_RAD_SCIENCE">
    <text>The guard hails you. "Renegade, We understand your cause, but we cannot risk the disruption of the research or the lives of the people by letting you drag the rebellion through here, we want no part in it!"</text>
    <modifyPursuit amount="1" />
    <choice hidden="true">
      <text>Prepare to fight!</text>
      <event>
        <text>You rush to defensive positions as the guard approaches menacingly.</text>
        <ship hostile="true" />
        <choice hidden="true">
          <text>Continue...</text>
          <event load="COMBAT_CHECK" />
        </choice>
      </event>
    </choice>
    <choice>
      <text>Try to bribe them.</text>
      <event>
        <text>You hope this is enough to satisfy them...</text>
        <item_modify>
          <item type="scrap" min="-80" max="-65" />
        </item_modify>
        <choice hidden="true">
          <text>Continue...</text>
          <event>
            <text>"Funny, I just can't seem to remember who gave me this scrap... Now hurry along before I change my mind."</text>
          </event>
        </choice>
      </event>
    </choice>
    <choice hidden="true" req="LIST_CREW_HUMAN">
      <text>(Human Crew) Try to persuade them to let you go.</text>
      <event load="GUARD_RAD_SCIENCE_TALK" />
    </choice>
    <choice hidden="true" req="rad_scientist">
      <text>(Human Scientist) Have the scientist convince them to let you through.</text>
      <event load="GUARD_RAD_SCIENCE_SCIENTIST_TALK" />
    </choice>
    <choice hidden="true" req="mind">
      <text>(Mind Control) Convince the guard to leave you alone.</text>
      <event load="GUARD_MIND" />
    </choice>
    <choice hidden="true" req="cloaking">
      <text>(Cloaking) Cloak and try to escape.</text>
      <event load="GUARD_CLOAK" />
    </choice>
    <choice hidden="true" req="engines" lvl="5">
      <text>(Adv. Engines) Try to escape the guard.</text>
      <event load="GUARD_ESCAPE" />
    </choice>
    <choice hidden="true" req="pilot" lvl="3">
      <text>(Adv. Piloting) Activate the auto-pilot to try and escape.</text>
      <event load="GUARD_ESCAPE" />
    </choice>
  </event>

  <eventList name="GUARD_RAD_SCIENCE_TALK">
    <event>
      <text>"I understand your cause, but if you do not leave I will be forced to make you leave!"</text>
      <ship hostile="true" />
      <choice hidden="true">
        <text>Continue...</text>
        <event load="COMBAT_CHECK" />
      </choice>
    </event>
    <event>
      <text>"I understand your cause, but if you do not leave I will be forced to make you leave!"</text>
      <ship hostile="true" />
      <choice hidden="true">
        <text>Continue...</text>
        <event load="COMBAT_CHECK" />
      </choice>
    </event>
    <event>
      <text>"Perhaps your cause is worth the risk, very well you may pass, we'll do our best to hold off the rebels."</text>
      <modifyPursuit amount="-1" />
    </event>
  </eventList>
  <eventList name="GUARD_RAD_SCIENCE_SCIENTIST_TALK">
    <event>
      <text>"Ah, a fellow scientist, you may pass through if you'd like, but the rest of your crew cannont."</text>
      <ship hostile="true" />
      <choice hidden="true">
        <text>Continue...</text>
        <event load="COMBAT_CHECK" />
      </choice>
    </event>
    <event>
      <text>"Oh, my mistake, I didn't realise there was a fellow scientist on your ship, you may pass through."</text>
      <modifyPursuit amount="-1" />
    </event>
    <event>
      <text>"Oh, my mistake, I didn't realise there was a fellow scientist on your ship, you may pass through."</text>
      <modifyPursuit amount="-1" />
    </event>
  </eventList>

<!--
\\\\\\\\\\\\\\\\\\\\\\\\\\\\\\\\\\\\\\\\\\\\\\\\\\\\\\\\\\\\\\\\\\\\\\\\\\\\\\\\\\\\\\\\\\\\\\\\\\\\\\\\\\\\\\\\\\\\\\\\\\\\\\\\\\\\\\
\\\\\\\\\\\\\\\\\\\\\\\\\\\\\\\\\\\\\\\\\\\\\\\\\\\\\\\\\\\\\\\\\\\\\\\\\\\\\\\\\\\\\\\\\\\\\\\\\\\\\\\\\\\\\\\\\\\\\\\\\\\\\\\\\\\\\\
					ITEM EVENTS ()
\\\\\\\\\\\\\\\\\\\\\\\\\\\\\\\\\\\\\\\\\\\\\\\\\\\\\\\\\\\\\\\\\\\\\\\\\\\\\\\\\\\\\\\\\\\\\\\\\\\\\\\\\\\\\\\\\\\\\\\\\\\\\\\\\\\\\\
\\\\\\\\\\\\\\\\\\\\\\\\\\\\\\\\\\\\\\\\\\\\\\\\\\\\\\\\\\\\\\\\\\\\\\\\\\\\\\\\\\\\\\\\\\\\\\\\\\\\\\\\\\\\\\\\\\\\\\\\\\\\\\\\\\\\\\
-->	
<eventList name="ITEMS_RAD_SCIENCE">
	<event load="RAD_SCIENCE_FREE_DRONES" />
	<event load="RAD_SCIENCE_SCIENTIST" />
</eventList>

<event name="RAD_SCIENCE_FREE_DRONES" unique="true">
	<text load="RAD_SCIENCE_FREE_DRONES" />
	<autoReward level="MED">droneparts_only</autoReward>
	<choice>
		<text>Do something onboard the ship.</text>
		<event load="STORAGE_CHECK" />
	</choice>
	<choice>
		<text>Do nothing.</text>
		<event />
	</choice>
</event>
<textList name="RAD_SCIENCE_FREE_DRONES">
	<text>Nearby drifts the several discarded drones, they may not be functional however you're able to salvage a few drone parts from them.</text>
	<text>You notice a mine drifting nearby, followed by several more. Most, if not all, are inactive, probably left over from some sort of training exercise. Fortunately, this means you can salvage them with relative ease.</text>
	<text>A small craft appears on your scanners, it looks like it's coming straigh towards you. Your crew quickly moves into action and blasts it to pieces, you attempt to salvage it but the only thing that survived was a box of drone parts.</text>
</textList>

<event name="RAD_SCIENCE_SCIENTIST" unique="true">
	<text>You receive a hail from a small craft floating nearby, it appears to be one of the scientists.</text>	
	<choice hidden="true">
		<text>Continue...</text>
		<event>
			<text>"Ahh a fine ship you have there Captain, Would you consider taking me aboard?"</text>
			<choice hidden="true">
				<text>Welcome him aboard.</text>
				<event>
					<crewMember amount="1" class="rad_scientist" />
					<ship load="PIRATE" hostile="true" />
					<text>"Now I probably should have mentioned this, but some pirates want to kill me, I'm sure a strong capable Captain like you can deal with them though."</text>
					<choice hidden="true">
						<text>Continue...</text>
						<event load="COMBAT_CHECK" />
					</choice>
				</event>
			</choice>
			<choice hidden="true">
				<text>Refuse.</text>
				<event>
					<text>The scientist's small craft flies away, just as you think it's over you see a pirate ship fly right by you in pursuit.</text>
					<choice>
						<text>Do something onboard the ship.</text>
						<event load="STORAGE_CHECK" />
					</choice>
					<choice>
						<text>Do nothing.</text>
						<event />
					</choice>
				</event>
			</choice>
		</event>
	</choice>
</event>

<!--
\\\\\\\\\\\\\\\\\\\\\\\\\\\\\\\\\\\\\\\\\\\\\\\\\\\\\\\\\\\\\\\\\\\\\\\\\\\\\\\\\\\\\\\\\\\\\\\\\\\\\\\\\\\\\\\\\\\\\\\\\\\\\\\\\\\\\\
\\\\\\\\\\\\\\\\\\\\\\\\\\\\\\\\\\\\\\\\\\\\\\\\\\\\\\\\\\\\\\\\\\\\\\\\\\\\\\\\\\\\\\\\\\\\\\\\\\\\\\\\\\\\\\\\\\\\\\\\\\\\\\\\\\\\\\
					NEUTRAL EVENT SHIPS ()
\\\\\\\\\\\\\\\\\\\\\\\\\\\\\\\\\\\\\\\\\\\\\\\\\\\\\\\\\\\\\\\\\\\\\\\\\\\\\\\\\\\\\\\\\\\\\\\\\\\\\\\\\\\\\\\\\\\\\\\\\\\\\\\\\\\\\\
\\\\\\\\\\\\\\\\\\\\\\\\\\\\\\\\\\\\\\\\\\\\\\\\\\\\\\\\\\\\\\\\\\\\\\\\\\\\\\\\\\\\\\\\\\\\\\\\\\\\\\\\\\\\\\\\\\\\\\\\\\\\\\\\\\\\\\
-->

  <ship name="SHIP_RAD_SCIENCE_GUARD" auto_blueprint="RAD_SCIENCE_GUARD">
    <surrender min="8" max="10" load="GUARD_SIGNAL" />
    <destroyed load="GUARD_RAD_SCIENCE_DESTROY" />
    <deadCrew load="GUARD_RAD_SCIENCE_DEADCREW" />
  </ship>

  <event name="GUARD_RAD_SCIENCE_DESTROY">
    <text>You have defeated the Militia guard. Whatever might have been in their cargo has for certain been destroyed, but you can at least salvage some supplies from the ship.</text>
    <autoReward level="MED">standard</autoReward>
    <choice hidden="true">
      <text>Continue...</text>
      <event load="GUARD_UNION_FOLLOWUP" />
    </choice>
  </event>
  <event name="GUARD_RAD_SCIENCE_DEADCREW">
    <text>You have defeated the Militia guard. Without crew on-board to stop you, you can investigate their cargo. You find a weapon to bring back to the ship, and move on to scrap their hull.</text>
    <autoReward level="MED">standard</autoReward>
    <weapon name="LABRATORY_WEAPONS" />
    <choice hidden="true">
      <text>Continue...</text>
      <event load="GUARD_RAD_SCIENCE_FOLLOWUP" />
    </choice>
  </event>
  <event name="GUARD_RAD_SCIENCE_FOLLOWUP">
    <noQuestText />
    <removeHazards />
    <clearCustomFleet />
    <text>By killing the Science Guard you've definently pissed someone off, lets just hope word doesn't travel fast.</text>
    <choice>
      <text>Do something onboard the ship.</text>
      <event load="STORAGE_CHECK" />
    </choice>
    <choice>
      <text>Do nothing.</text>
      <event />
    </choice>
  </event>
  
<ship name="SHIP_RAD_SCIENCE_ALL" auto_blueprint="LIST_SHIPS_RAD_SCIENCE_ALL">
	<surrender chance="0.6" min="2" max="4" load="SURRENDER_RAD_SCIENCE" />
	<destroyed load="DESTROYED_RAD_SCIENCE" />
	<deadCrew load="DEAD_CREW_RAD_SCIENCE" />
</ship>

<ship name="SHIP_RAD_SCIENCE_GENERIC" auto_blueprint="LIST_SHIPS_RAD_SCIENCE_GENERIC">
	<surrender chance="0.6" min="2" max="4" load="SURRENDER_RAD_SCIENCE" />
	<destroyed load="DESTROYED_RAD_SCIENCE" />
	<deadCrew load="DEAD_CREW_RAD_SCIENCE" />
</ship>

<ship name="SHIP_RAD_SCIENCE_FIGHT" auto_blueprint="LIST_SHIPS_RAD_SCIENCE_FIGHT">
	<surrender chance="0.6" min="2" max="4" load="SURRENDER_RAD_SCIENCE" />
	<destroyed load="DESTROYED_RAD_SCIENCE" />
	<deadCrew load="DEAD_CREW_RAD_SCIENCE" />
</ship>

<ship name="SHIP_RAD_SCIENCE_TRANSPORT" auto_blueprint="RAD_SCIENCE_TRANSPORT">
	<escape timer="30" min="999" max="999">
		<text>They look like they don't want to fight. They are trying to escape.</text>
		<ship hostile="true" />
	</escape>
	<destroyed load="TRANSPORT_DESTROYED" />
	<deadCrew load="TRANSPORT_CAPTURE_RAD_SCIENCE" />
</ship>

  <ship name="SHIP_RAD_SCIENCE_INTERCEPTOR_PIRATE" auto_blueprint="RAD_SCIENCE_INTERCEPTOR_PIRATE">
    <surrender chance="0.6" min="2" max="4" load="SURRENDER_PIRATE" />
    <destroyed load="DESTROYED_PIRATE" />
    <deadCrew load="DEAD_CREW_PIRATE" />
  </ship>

  <event name="DESTROYED_RAD_SCIENCE">
    <text load="TEXT_DESTROYED_RAD_SCIENCE" />
    <autoReward level="MED">standard</autoReward>
    <!--transformRace class="rad_civilian">human</transformRace-->
    <choice req="rad_civilian" lvl="1" blue="false">
      <text>Continue...</text>
      <event name="RAD_CIVILIAN_TRANSFORM">
        <transformRace class="rad_civilian">human</transformRace>
        <text>A civilian on your ship offer to join you crew.</text>
        <choice req="rad_civilian" lvl="2" blue="false">
          <text>Continue...</text>
          <event>
            <loadEvent>RAD_CIVILIAN_TRANSFORM</loadEvent>
          </event>
        </choice>
        <choice req="rad_civilian" max_lvl="2" lvl="0" blue="false">
          <text>Continue...</text>
          <event />
        </choice>
      </event>
    </choice>
    <choice req="rad_civilian" max_lvl="0" lvl="0" blue="false">
      <text>Continue...</text>
      <event />
    </choice>
  </event>
  <textList name="TEXT_DESTROYED_RAD_SCIENCE">
    <text>As you harvest the remains of the Scientist's ship, it's clear their advanced technology isn't enough to save them from you.</text>
    <text>The Scientist captain lets out one final expletive as the ship is obliterated.</text>
    <text>The gleaming hull of the scientist ship fragments out into space. You swoop in to salvage the remains.</text>
    <text>The ship explodes, extinguishing all lives within. Your crew avoids their remains as they salvage the ship pieces.</text>
    <text>In a fury of sparks and explosions, the hull of the ship collapses. You quickly scrap the remains, which still seem to be in good quality.</text>
  </textList>

  <event name="DEAD_CREW_RAD_SCIENCE">
    <text load="TEXT_DEAD_CREW_RAD_SCIENCE" />
    <autoReward level="HIGH">standard</autoReward>
    <choice req="rad_civilian" lvl="1" blue="false">
      <text>Continue...</text>
      <event name="RAD_CIVILIAN_TRANSFORM">
        <transformRace class="rad_civilian">human</transformRace>
        <text>A civilian on your ship offer to join you crew.</text>
        <choice req="rad_civilian" lvl="2" blue="false">
          <text>Continue...</text>
          <event>
            <loadEvent>RAD_CIVILIAN_TRANSFORM</loadEvent>
          </event>
        </choice>
        <choice req="rad_civilian" max_lvl="1" lvl="0" blue="false">
          <text>Continue...</text>
          <event />
        </choice>
      </event>
    </choice>
    <choice req="rad_civilian" max_lvl="0" lvl="0" blue="false">
      <text>Continue...</text>
      <event />
    </choice>
  </event>
  <textList name="TEXT_DEAD_CREW_RAD_SCIENCE">
    <text>"Your bloodlust... will be your downfall someday, Renegade. You are only proof... the Federation... is no better than the Rebellion..."</text>
    <text>"Man down, man down! Agh!" The crewmate's shouts go unheard as he is put down with the rest of his crew.</text>
    <text>You've slaughtered the entirety of the crew. All that's left is to scrap their ship.</text>
    <text>"To be fair... this was way above my... pay-grade..." The enemy captain clutches their heart and collapses.</text>
    <text>"You will regret this! Karma always comes back to people like you. Damn you... Us scientists would have been better off without you renegades around..."</text>
  </textList>

  <event name="SURRENDER_RAD_SCIENCE">
    <text load="TEXT_SURRENDER_RAD_SCIENCE" />
    <choice>
      <text>Accept their surrender.</text>
      <event name="SURRENDER_ACCEPT">
        <ship hostile="false" />
        <autoReward level="RANDOM">stuff</autoReward>
        <choice req="rad_civilian" lvl="1" blue="false">
          <text>Continue...</text>
          <event name="RAD_CIVILIAN_TRANSFORM">
            <transformRace class="rad_civilian">human</transformRace>
            <text>A civilian on your ship offer to join you crew.</text>
            <choice req="rad_civilian" lvl="2" blue="false">
              <text>Continue...</text>
              <event>
                <loadEvent>RAD_CIVILIAN_TRANSFORM</loadEvent>
              </event>
            </choice>
            <choice req="rad_civilian" max_lvl="1" lvl="0" blue="false">
              <text>Continue...</text>
              <event />
            </choice>
          </event>
        </choice>
        <choice req="rad_civilian" max_lvl="0" lvl="0" blue="false">
          <text>Continue...</text>
          <event />
        </choice>
      </event>
    </choice>
    <choice>
      <text load="GENERIC_SURRENDER_CHOICE_NOMERCY" />
      <!--<event load="MORALITY_UPDATE_UNION"/>-->
      <event />
    </choice>
  </event>
  <textList name="TEXT_SURRENDER_RAD_SCIENCE">
    <text>"Please! Us Scientists are the only reason half the multiverse's technology exists, We invented the space waffle iron! You can't kill us!"</text>
    <text>"Look, just let us live and we'll give you our stuff, that's what you renegades want right?"</text>
    <text>The Scientist captain pleads with you to let them live. "Please, my family! They need me, I am their only source of income! I'll give you everything I can if you let me live!"</text>
    <text>You receive a hail from another part of the ship, where another crew besides the captain speaks softly. "Please, if you stop firing I'll give you whatever is left in the cargo. Our captain is adamant, but the rest of the crew doesn't want to die!"</text>
    <text>The Scientist ship is in tatters. You could probably negotiate their surrender at this point.</text>
  </textList>

<event name="TRANSPORT_CAPTURE_RAD_SCIENCE" unique="true">
	<text>The crew is dead, leaving you with the ship. Its cargo is yours for the taking. Aboard is the special tech you expected, which you bring back to your ship.</text>
	<autoReward level="MED">standard_no_item</autoReward>
	<weapon name="RAD_SCIENCE_LOOT" />
  <!--variable name="ach_trans_rad_science" op="set" val="1" /-->
	<!--achievement>ACH_TRANS_UNION</achievement-->
</event>

<ship name="SHIP_RAD_SCIENCE_PIRATE" auto_blueprint="RAD_SCIENCE_BOMBER_PIRATE">
	<destroyed load="DESTROYED_RAD_SCIENCE" />
	<deadCrew load="RAD_SCIENCE_PIRATE_DEADCREW" />
</ship>

<event name="RAD_SCIENCE_PIRATE_DEADCREW">
	<text>You clear out the defense cruiser and tow it back to the station, You're thanked and recieve a large amount of scrap as a reward.

One of the crew on the station offer to join your crew.</text>
	<choice hidden="false">
		<text>Accept them onto your ship.</text>
		<event>
			<autoReward level="MED">scrap_only</autoReward>
			<text>It turns out it's one of the soldier who was prevoisly stationed aboard the defense cruiser.</text>
			<crewMember amount="1" class="human_soldier" />
		</event>
	</choice>
	<choice hidden="false">
		<text>Reject their offer.</text>
		<event>
			<autoReward level="HIGH">scrap_only</autoReward>
			<text>You turn down the offer, you don't need any new crew right now.</text>
		</event>
	</choice>
</event>
<!--
\\\\\\\\\\\\\\\\\\\\\\\\\\\\\\\\\\\\\\\\\\\\\\\\\\\\\\\\\\\\\\\\\\\\\\\\\\\\\\\\\\\\\\\\\\\\\\\\\\\\\\\\\\\\\\\\\\\\\\\\\\\\\\\\\\\\\\
\\\\\\\\\\\\\\\\\\\\\\\\\\\\\\\\\\\\\\\\\\\\\\\\\\\\\\\\\\\\\\\\\\\\\\\\\\\\\\\\\\\\\\\\\\\\\\\\\\\\\\\\\\\\\\\\\\\\\\\\\\\\\\\\\\\\\\
					NEUTRAL EVENTS ()
\\\\\\\\\\\\\\\\\\\\\\\\\\\\\\\\\\\\\\\\\\\\\\\\\\\\\\\\\\\\\\\\\\\\\\\\\\\\\\\\\\\\\\\\\\\\\\\\\\\\\\\\\\\\\\\\\\\\\\\\\\\\\\\\\\\\\\
\\\\\\\\\\\\\\\\\\\\\\\\\\\\\\\\\\\\\\\\\\\\\\\\\\\\\\\\\\\\\\\\\\\\\\\\\\\\\\\\\\\\\\\\\\\\\\\\\\\\\\\\\\\\\\\\\\\\\\\\\\\\\\\\\\\\\\
-->	

<event name="TRANSPORT_RAD_SCIENCE_LOOT" unique="true">
	<preventQuest />
	<beaconType id="map_icon_transport" global="true" req="LOOT_COMPASS">
		<color r="255" g="186" b="0" a="1" />
		<unvisitedTooltip>An unvisited location.</unvisitedTooltip>
		<visitedTooltip>Explored location. Nothing left of interest.</visitedTooltip>
		<undiscoveredTooltip>An unvisited location.</undiscoveredTooltip>
	</beaconType>
	<text>This beacon hosts a scientist transport. It's safe to bet the ship is most likely carrying some special tech. If you can kill its crew, their cargo will be yours.</text>
	<ship load="SHIP_RAD_SCIENCE_TRANSPORT" hostile="false" />
	<choice>
		<text>Demand the surrender of their goods.</text>
		<event>
			<text>You prepare to secure their cargo by force.</text>
			<ship hostile="true" />
			<choice hidden="true">
				<text>Continue...</text>
				<event load="COMBAT_CHECK" />
			</choice>
		</event>
	</choice>
	<choice>
    <text>Avoid the ship.</text>
    <event>
      <text>They stay outside your weapons range, and eventually jump away.</text>
			<choice hidden="true">
				<text>Do something onboard the ship.</text>
				<event load="STORAGE_CHECK" />
			</choice>
			<choice hidden="true">
				<text>Do nothing.</text>
				<event />
			</choice>
				</event>
	</choice>
</event>

<eventList name="NEUTRAL_RAD_SCIENCE">
	<event load="RAD_SCIENCE_CHOICE" />
	<event load="RAD_SCIENCE_DEPOT" />
	<event load="RAD_SCIENCE_PIRATE_CAPTURE" />
	<event load="RAD_SCIENCE_SALESMAN" />
</eventList> 

<event name="RAD_SCIENCE_CHOICE">
	<text load="TEXT_RAD_SCIENCE_CHOICE" />
	<ship load="SHIP_RAD_SCIENCE_ALL" hostile="false" />
	<choice hidden="true">
		<text>Fight them!</text>
		<event>
			<text>You power up the weapons and attack the Scientists.</text>
			<ship hostile="true" />
			<choice hidden="true">
				<text>Continue...</text>
				<event load="COMBAT_CHECK" />
			</choice>
		</event>
	</choice>
	<choice hidden="true">
		<text>Ignore the Scientist ship.</text>
		<event>
			<text>You fly past the Scientist vessel.</text>
			<choice>
				<text>Do something onboard the ship.</text>
				<event load="STORAGE_CHECK" />
			</choice>
			<choice>
				<text>Do nothing.</text>
				<event />
			</choice>
		</event>
	</choice>
</event>
<textList name="TEXT_RAD_SCIENCE_CHOICE">
	<text>A Scientist ship is surveying a planet in the area. No other ships are nearby.</text>
	<text>You notice another ship, belonging to the Scientists, drifting some distance away. The ship is fully functional but politely declines any hails.</text>
	<text>A decently armed Scientist vessel is patrolling the beacon, if you don't make any trouble they're unlikely to care about you.</text>
</textList>

<event name="RAD_SCIENCE_DEPOT" unique="true">
	<text>A nearby scienctist vessel is acting as a supply depot, they offer you a resupply.</text>
	<ship load="SHIP_RAD_SCIENCE_GENERIC" hostile="false" />
	<choice>
		<text>Submit your ID and get some supplies.</text>
		<event>
			<autoReward level="LOW">stuff</autoReward>
		</event>
	</choice>
	<choice req="rad_scientist">
		<text>(Human Scientist) Request more supplies.</text>
		<event>
			<autoReward level="HIGH">stuff</autoReward>
		</event>
	</choice>
	<choice req="LIST_CREW_MEDIC">
		<text>(Medic Crew) Request medical supplies.</text>
		<event>
			<autoReward level="MED">missiles_only</autoReward>
			<weapon name="BOMB_HEAL" />
		</event>
	</choice>
	<choice hidden="true">
		<text>Attack, surely we can get more from them!</text>
		<event>
			<text>You power up the weapons and attack the Scientists.</text>
			<ship hostile="true" />
			<choice hidden="true">
				<text>Continue...</text>
				<event load="COMBAT_CHECK" />
			</choice>
		</event>
	</choice>
	<choice hidden="true">
		<text>Ignore the depot.</text>
		<event>
			<text>You ignore the Scientists.</text>
			<choice>
				<text>Do something onboard the ship.</text>
				<event load="STORAGE_CHECK" />
			</choice>
			<choice>
				<text>Do nothing.</text>
				<event />
			</choice>
		</event>
	</choice>
</event>

<event name="RAD_SCIENCE_PIRATE_CAPTURE" unique="true">
	<text>A nearby station is putting out a distress beacon, it appears that their defense cruiser has been stolen by pirates.</text>
	<ship load="SHIP_RAD_SCIENCE_PIRATE" hostile="false" />
	<choice hidden="true">
		<text>Destroy or re-capture the defense cruiser.</text>
		<event>
			<text>You power up the weapons and attack the Pirates.</text>
			<ship hostile="true" />
			<choice hidden="true">
				<text>Continue...</text>
				<event load="COMBAT_CHECK" />
			</choice>
		</event>
	</choice>
	<choice hidden="true" req="cloaking" lvl="2">
		<text>(Upg. Cloaking) Cloak and scrap some of the station while they're defenseless.</text>
		<event>
			<text>With the defence cruiser stolen, there's no one around to guard the station. Under the veil of your cloak you tear off some of the plating and leave quickly.</text>
			<autoReward level="MED">standard</autoReward>
		</event>
	</choice>
	<choice hidden="true">
		<text>Stay away from this.</text>
		<event>
			<text>You fly past the station. Hopefully, the situation will be resolved... no thanks to you.</text>
			<choice>
				<text>Do something onboard the ship.</text>
				<event load="STORAGE_CHECK" />
			</choice>
			<choice>
				<text>Do nothing.</text>
				<event />
			</choice>
		</event>
	</choice>
</event>

  <event name="RAD_SCIENCE_SALESMAN" unique="true">
    <text>You arrive at the beacon and find a travelling salesman, and even better it's a scientist.</text>
    <ship load="SHIP_RAD_SCIENCE_GENERIC" hostile="false" />
    <choice>
      <text>Buy a Mystery Weapon.</text>
      <event>
        <text>The salesman delivers you a large box before jumping away.</text>
        <choice hidden="true">
          <item_modify>
            <item type="scrap" min="-50" max="-40" />
          </item_modify>
          <text>Open the box</text>
          <event>
            <text>It appears he wasn't lying.</text>
            <weapon name="LIST_WEAPONS_ALL_CRAPBUCKET" />
            <choice>
              <text>Do something onboard the ship.</text>
              <event load="STORAGE_CHECK" />
            </choice>
            <choice>
              <text>Do nothing.</text>
              <event />
            </choice>
          </event>
        </choice>
      </event>
    </choice>
    <choice>
      <text>View his wares.</text>
      <event>
        <text>He welcomes you into his little shop.</text>
        <store>STORE_RADLAB</store>
        <choice>
          <text>Do something onboard the ship.</text>
          <event load="STORAGE_CHECK" />
        </choice>
        <choice>
          <text>Do nothing.</text>
          <event />
        </choice>
      </event>
    </choice>
    <choice>
      <text>Attack Him!</text>
      <event>
        <text>You power up the weapons and attack the salesman.</text>
        <ship hostile="true" />
        <choice hidden="true">
          <text>Continue...</text>
          <event load="COMBAT_CHECK" />
        </choice>
      </event>
    </choice>
  </event>

<!--
\\\\\\\\\\\\\\\\\\\\\\\\\\\\\\\\\\\\\\\\\\\\\\\\\\\\\\\\\\\\\\\\\\\\\\\\\\\\\\\\\\\\\\\\\\\\\\\\\\\\\\\\\\\\\\\\\\\\\\\\\\\\\\\\\\\\\\
\\\\\\\\\\\\\\\\\\\\\\\\\\\\\\\\\\\\\\\\\\\\\\\\\\\\\\\\\\\\\\\\\\\\\\\\\\\\\\\\\\\\\\\\\\\\\\\\\\\\\\\\\\\\\\\\\\\\\\\\\\\\\\\\\\\\\\
					DISTRESS EVENTS ()
\\\\\\\\\\\\\\\\\\\\\\\\\\\\\\\\\\\\\\\\\\\\\\\\\\\\\\\\\\\\\\\\\\\\\\\\\\\\\\\\\\\\\\\\\\\\\\\\\\\\\\\\\\\\\\\\\\\\\\\\\\\\\\\\\\\\\\
\\\\\\\\\\\\\\\\\\\\\\\\\\\\\\\\\\\\\\\\\\\\\\\\\\\\\\\\\\\\\\\\\\\\\\\\\\\\\\\\\\\\\\\\\\\\\\\\\\\\\\\\\\\\\\\\\\\\\\\\\\\\\\\\\\\\\\
-->
<eventList name="DISTRESS_RAD_SCIENCE">
	<event load="DISTRESS_RAD_SCIENCE_REBELBOARD" />
	<event load="DISTRESS_RAD_SCIENCE_CHOICE" />
</eventList>

<ship name="SHIP_RAD_SCIENCE_PIRATEBOARD" auto_blueprint="SHIP_RAD_SCIENCE_PIRATEBOARD">
  <destroyed load="DESTROYED_RAD_SCIENCE" />
  <deadCrew load="DEAD_CREW_RAD_SCIENCE" />
</ship>

<event name="DISTRESS_RAD_SCIENCE_REBELBOARD" unique="true">
	<distressBeacon />
	<text>The source of the distress beacon appears to be an civilian vessel under attack by a rebel boarding ship! Should we assist?</text>
	<ship load="SHIP_RAD_SCIENCE_PIRATEBOARD" hostile="false" />
	<choice hidden="true">
		<text>Save the civilians.</text>
		<event>
			<text>You power up the weapons and engage the pirate vessel, it looks like there's still 2 civilians alive on the ship, you might be able to rescue them if you clear out the rebels.</text>
      <crewMember amount="2" class="rad_civilian" />
			<ship hostile="true" />
			<choice hidden="true">
				<text>Continue...</text>
				<event load="COMBAT_CHECK" />
			</choice>
		</event>
	</choice>
	<choice hidden="true">
		<text>Ignore the ship.</text>
		<event>
			<text>You hope they'll be able to save themselves.</text>
			<choice>
				<text>Do something onboard the ship.</text>
				<event load="STORAGE_CHECK" />
			</choice>
			<choice>
				<text>Do nothing.</text>
				<event />
			</choice>
		</event>
	</choice>
</event>
  
<event name="DISTRESS_RAD_SCIENCE_CHOICE" unique="true">
	<distressBeacon />
	<text>The distress beacon's source is a small civilian shuttle, it's in the process of being scooped up by a scientist ship.</text>
  <choice>
    <text>Continue...</text>
    <event>
      <text>"Renegade, keep your distance, we have just apprehended two civilians we believe to members of a pirate organisation. We're just hoping we don't get any pirates showing up for revenge."</text>
      <choice hidden="true">
        <text>Rescue the civilians.</text>
        <event>
          <text>You power up the weapons and engage the scientist. The two civilians are still alive, and it looks like they aren't going down without a fight. You might be able to rescue them if you clear out the rebels.</text>
          <crewMember amount="2" class="rad_civilian" />
          <ship load="SHIP_RAD_SCIENCE_GENERIC" hostile="true" />
          <choice hidden="true">
            <text>Continue...</text>
            <event load="COMBAT_CHECK" />
          </choice>
        </event>
      </choice>
      <choice>
        <text>Stick around and defend the scientist ship for a short time.</text>
        <event>
          <text>Not more than a few minutes later a pirate ship jumps in, loops like you're in for a fight!</text>
          <ship load="SHIP_PIRATE_ALL" hostile="true" />
          <choice hidden="true">
            <text>Continue...</text>
            <event load="COMBAT_CHECK" />
          </choice>
        </event>
      </choice>
      <choice>
        <text>Ignore the ship.</text>
        <event>
          <text>You turn your attention to your own ship while your jump drive charges.</text>
          <choice>
            <text>Do something onboard the ship.</text>
            <event load="STORAGE_CHECK" />
          </choice>
          <choice>
            <text>Do nothing.</text>
            <event />
          </choice>
        </event>
      </choice>
    </event>
  </choice>
</event>

<!--
\\\\\\\\\\\\\\\\\\\\\\\\\\\\\\\\\\\\\\\\\\\\\\\\\\\\\\\\\\\\\\\\\\\\\\\\\\\\\\\\\\\\\\\\\\\\\\\\\\\\\\\\\\\\\\\\\\\\\\\\\\\\\\\\\\\\\\
\\\\\\\\\\\\\\\\\\\\\\\\\\\\\\\\\\\\\\\\\\\\\\\\\\\\\\\\\\\\\\\\\\\\\\\\\\\\\\\\\\\\\\\\\\\\\\\\\\\\\\\\\\\\\\\\\\\\\\\\\\\\\\\\\\\\\\
					QUEST EVENTS ()
\\\\\\\\\\\\\\\\\\\\\\\\\\\\\\\\\\\\\\\\\\\\\\\\\\\\\\\\\\\\\\\\\\\\\\\\\\\\\\\\\\\\\\\\\\\\\\\\\\\\\\\\\\\\\\\\\\\\\\\\\\\\\\\\\\\\\\
\\\\\\\\\\\\\\\\\\\\\\\\\\\\\\\\\\\\\\\\\\\\\\\\\\\\\\\\\\\\\\\\\\\\\\\\\\\\\\\\\\\\\\\\\\\\\\\\\\\\\\\\\\\\\\\\\\\\\\\\\\\\\\\\\\\\\\
-->
<eventList name="QUESTS_RAD_SCIENCE">
	<event load="RAD_MAIN_QUEST" />
</eventList>

  <ship name="SHIP_RAD_SCIENCE_GHOST" auto_blueprint="RAD_SCIENCE_INTERCEPTOR_GHOST">
    <surrender min="2" max="5" load="RAD_SCIENCE_GHOST_SUR" />
    <destroyed load="DESTROYED_RAD_SCIENCE_GHOST" />
    <deadCrew load="DEAD_CREW_RAD_SCIENCE_GHOST" />
  </ship>

  <event name="DESTROYED_RAD_SCIENCE_GHOST">
    <text>You've destroyed what was left of that interceptor.</text>
    <autoReward level="MED">standard</autoReward>
    <choice req="unique_rad_scientist_tele" max_group="0" blue="false" hidden="true">
      <text>Continue...</text>
      <event load="RAD_MAIN_QUEST_SAVED" />
    </choice>
    <choice req="unique_rad_scientist_tele" lvl="0" max_lvl="0" max_group="0" blue="false">
      <text>Continue...</text>
      <event load="RAD_MAIN_QUEST_FAILED" />
    </choice>
  </event>
  
  <event name="DEAD_CREW_RAD_SCIENCE_GHOST">
    <text>You've cleared out the wreck of ghosts.</text>
    <autoReward level="HIGH">standard</autoReward>
    <choice req="unique_rad_scientist_tele" max_group="0" blue="false" hidden="true">
      <text>Continue...</text>
      <event load="RAD_MAIN_QUEST_SAVED" />
    </choice>
    <choice req="unique_rad_scientist_tele" lvl="0" max_lvl="0" max_group="0" blue="false">
      <text>Continue...</text>
      <event load="RAD_MAIN_QUEST_FAILED" />
    </choice>
  </event>

  <event name="RAD_SCIENCE_GHOST_SUR">
    <text>You last hit appears to have overloaded the enemy reactor.</text>
  </event>

  <event name="RAD_MAIN_QUEST">
    <distressBeacon />
    <preventQuest />
    <text>You arrive at the beacon to find a destroyed Scientist interceptor. It appears that certain parts of the ship are still partially intact as there is still a distress beacon being put out.</text>
    <ship load="SHIP_RAD_SCIENCE_GHOST" hostile="false" />
    <status type="limit" target="enemy" system="engines" amount="0" />
    <status type="limit" target="enemy" system="pilot" amount="0" />
    <choice hidden="true">
      <text>Investigate.</text>
      <event>
        <text>As you move closer to the wreck it powers on. You recieve a transmission.

"Please help, We've been attacked by ghosts and my crew is dead. Either teleport me off this ship, or damage it enough that I can overload the reactor and teleport across via a personal teleporter."</text>
        <crewMember amount="1" class="unique_rad_scientist_tele">Dr. C. Swartwout</crewMember>
        <ship hostile="true" />
        <choice hidden="true">
				  <text>Continue...</text>
				  <event load="COMBAT_CHECK" />
			  </choice>
      </event>
    </choice>
    <choice>
      <text>Ignore the wreck.</text>
      <event>
        <text>It's not worth investigating.</text>
        <choice>
          <text>Do something onboard the ship.</text>
          <event load="STORAGE_CHECK" />
        </choice>
        <choice>
          <text>Do nothing.</text>
          <event />
        </choice>
      </event>
    </choice>
  </event>

  <event name="RAD_MAIN_QUEST_FAILED">
    <text>Unfortunately you were unable to save that scientist, perhaps in an alternate universe you didn't fail.</text>
  </event>

  <event name="RAD_MAIN_QUEST_SAVED">
    <text>"Good work out there captain, you arrived just in time, my name is Cornelius Swartwout. 
I don't suppose you can help me any further, my crew and I were in transit to one of our project facilities for the testing of a new cruiser, it would be a great help to me if you could deliver me there."</text>
    <!--removeCrew class="unique_rad_scientist_tele">
      <clone>false</clone>
      <text>The scientist introduces himself...</text>
    </removeCrew>
    <crewMember amount="1" class="unique_rad_scientist">Dr. C. Swartwout</crewMember-->
    <transformRace class="unique_rad_scientist_tele">unique_rad_scientist</transformRace>
    <quest event="RAD_MAIN_QUEST_FACILITY" />
  </event>

  <ship name="SHIP_RAD_SCIENCE_REBELAUTO" auto_blueprint="LIST_SHIPS_AUTO_HACK">
    <destroyed load="DESTROYED_RAD_SCIENCE_REBEL_AUTO" />
  </ship>
  
  <event name="RAD_MAIN_QUEST_FACILITY">
    <preventQuest />
    <beaconType id="map_icon_rad_main_quest" global="true">
      <color r="146" g="232" b="228" a="1"/>
    </beaconType>
    <text>You've arrived at the testing facility, it appears the cruiser is just being rolled out for testing now.
    
Dr Swartwout joins you to watch the test, "All we're testing today is the capability for the cruiser to use it's weapons, we've brough over a rebel auto ship for the test."</text>
    <choice>
      <text>Continue...</text>
      <event>
        <text>Just as the test fire is about to begin, the rebel autoship comes online and launches a hacking drone at the cruiser. You hear muffled suprise over the comms as the other scientists in the area realise what's happening.
        
You move in to take out the drone before it does too much damage.</text>
        <ship load="SHIP_RAD_SCIENCE_REBELAUTO" hostile="true" />
        <choice hidden="true">
          <text>Continue...</text>
          <event load="COMBAT_CHECK" />
        </choice>
      </event>
    </choice>
  </event>

  <!--<event name="DESTROYED_RAD_SCIENCE_REBELAUTO">
    <text>You've destroyed the rebel autoship, however it appears you were too slow, the science cruiser is back online, however this time it's under control of the rebels...</text>
    <triggeredEvent event="RAD_SCIENCE_QUEST_FIGHT_2_2" loops="1" minTime="15" maxTime="15">
      <triggeredEventBox load="DEFAULT_TIMER">
        <warning time="5.0" flash="true" />
        <tooltip>The autocruiser will be close enough to engage you after this cooldown ends.</tooltip>
      </triggeredEventBox>
    </triggeredEvent>
    <choice>
      <text>Continue...</text>
      <event name="DESTROYED_RAD_SCIENCE_REBELAUTO_2" />
    </choice>
  </event>-->
  <event name="DESTROYED_RAD_SCIENCE_REBEL_AUTO">
    <text>You managed to destroy the rebel autoship, however it apperas you were too slow, the hacking drone the rebel ship deployed succeeded in taking control of the science vessel and it's jumped away.
The scientists were able to trace where it jumped off too though, hopefully you'll be able to recover the vessel, or atleast stop it falling into rebel hands.</text>
    <autoReward level="MED">standard</autoReward>
    <quest event="RAD_SCIENCE_QUEST_SECOND"/>
  </event>
  
  <ship name="SHIP_RAD_SCIENCE_CUTTERENEMY" auto_blueprint="RAD_SCIENCE_CUTTER_ENEMY">
    <destroyed load="DESTROYED_RAD_SCIENCE_CUTTERENEMY" />
  </ship>

  <event name="RAD_SCIENCE_QUEST_FIGHT_2">
    <text>You've destroyed the rebel autoship, however it appears you were too slow, the science cruiser is back online, however this time it's under control of the rebels...</text>
    <ship load="SHIP_RAD_SCIENCE_CUTTERENEMY" hostile="false" />
  </event>

  <event name="RAD_SCIENCE_QUEST_FIGHT_2_2">
    <text>You've run out of time, the science cruiser is almost on top of you.</text>
    <ship hostile="true" />
    <choice>
      <text>Continue...</text>
      <event load="COMBAT_CHECK" />
    </choice>
  </event>

  <event name="RAD_SCIENCE_QUEST_SECOND">
    <text>You arrive at the beacon and find the scientist's autocruiser sitting in standby mode, looks like you beat the rebels to it.
Just as you start moving towards the ship, it powers on it's weapons, looks like the rebels aren't going to just hand it over without a fight.</text>
    <ship load="SHIP_RAD_SCIENCE_CUTTERENEMY" hostile="true" />
    <choice hidden="true">
      <text>Continue...</text>
      <event load="COMBAT_CHECK" />
    </choice>
  </event>

  <event name="DESTROYED_RAD_SCIENCE_CUTTERENEMY">
    <text>"Wow, we're lucky you were here, it could have gone pretty badly otherwise, as a token of our appreciation we'll send the plans for the cruiser along to the federation, once we deal with these vulnerabilities you've highlighted."</text>
    <autoReward level="HIGH">standard</autoReward>
    <weapon name="RAD_LASER_SMART" />
    <unlockCustomShip silent="false">PLAYER_SHIP_RAD_CUTTER</unlockCustomShip>
  </event>
  
<!--
\\\\\\\\\\\\\\\\\\\\\\\\\\\\\\\\\\\\\\\\\\\\\\\\\\\\\\\\\\\\\\\\\\\\\\\\\\\\\\\\\\\\\\\\\\\\\\\\\\\\\\\\\\\\\\\\\\\\\\\\\\\\\\\\\\\\\\
\\\\\\\\\\\\\\\\\\\\\\\\\\\\\\\\\\\\\\\\\\\\\\\\\\\\\\\\\\\\\\\\\\\\\\\\\\\\\\\\\\\\\\\\\\\\\\\\\\\\\\\\\\\\\\\\\\\\\\\\\\\\\\\\\\\\\\
					HOSTILE EVENTS ()
\\\\\\\\\\\\\\\\\\\\\\\\\\\\\\\\\\\\\\\\\\\\\\\\\\\\\\\\\\\\\\\\\\\\\\\\\\\\\\\\\\\\\\\\\\\\\\\\\\\\\\\\\\\\\\\\\\\\\\\\\\\\\\\\\\\\\\
\\\\\\\\\\\\\\\\\\\\\\\\\\\\\\\\\\\\\\\\\\\\\\\\\\\\\\\\\\\\\\\\\\\\\\\\\\\\\\\\\\\\\\\\\\\\\\\\\\\\\\\\\\\\\\\\\\\\\\\\\\\\\\\\\\\\\\
-->
<eventList name="HOSTILE_RAD_SCIENCE">
	<event load="ENCOUNTER_RAD_SCIENCE_MISTAKE" />
	<event load="ENCOUNTER_RAD_SCIENCE_STATION_MISTAKE" />
	
	<event load="ENCOUNTER_PIRATE_RAD_SCIENCE" />
	<event load="ENCOUNTER_PIRATE_RAD_SCIENCE_ONLY" />
	<event load="ENCOUNTER_REBEL_RAD_SCIENCE" />
</eventList>

<event name="ENCOUNTER_RAD_SCIENCE_MISTAKE">
	<text load="TEXT_ENCOUNTER_RAD_SCIENCE_MISTAKE" />
	<ship load="SHIP_RAD_SCIENCE_FIGHT" hostile="true" />
	<choice hidden="true">
		<text>Continue...</text>
		<event load="COMBAT_CHECK" />
	</choice>
</event>
<textList name="TEXT_ENCOUNTER_RAD_SCIENCE_MISTAKE">
	<text>The wreckage of a civilian ship drift nearby, but before you can even think to salvage some of it, a Scientist ship mistakes you as the attacker and prepares to avenge the civilians.</text>
	<text>You get into some trouble over your identification with the Scientist ship at this beacon, and not long after things get heated to the point of conflict!</text>
	<text>The Scientists at this beacon seem to mistake one of your crew as an infamous pirate with a heavy bounty. Not about to hand over your crew, you prepare to fight.</text>
</textList>

<event name="ENCOUNTER_RAD_SCIENCE_STATION_MISTAKE" unique="true">
	<text>You run into a Scientist outpost near this beacon, who refuses to let you past. Apparently this beacon requires a toll to pass through.</text>
	<ship load="SHIP_RAD_SCIENCE_FIGHT" hostile="false" />
	<choice>
		<text>Refuse to pay.</text>
		<event>
			<text>The Scientists wastes no time with conversation - the second you refuse their weapons come online!</text>
			<ship hostile="true" />
			<choice hidden="true">
				<text>Continue...</text>
				<event load="COMBAT_CHECK" />
			</choice>
		</event>
	</choice>
	<choice>
		<text>Pay the toll.</text>
		<event>
			<text>The Scientists collect the payment and allow you to continue.</text>
			<item_modify>
				<item type="scrap" min="-20" max="-10" />
			</item_modify>
		</event>
	</choice>
</event>

<event name="ENCOUNTER_PIRATE_RAD_SCIENCE">
	<text load="TEXT_ENCOUNTER_PIRATE_RAD_SCIENCE" />
	<ship load="SHIP_PIRATE_ALL" hostile="true" />
	<choice hidden="true">
		<text>Continue...</text>
		<event load="COMBAT_CHECK" />
	</choice>
</event>
<textList name="TEXT_ENCOUNTER_PIRATE_RAD_SCIENCE">
	<text>It takes a bold pirate captain - or a stupid one - to try and take on the scientists space. When you notice the hostile ship approaching, you hope they're the latter as you prepare for combat.</text>
	<text>A pirate vessel approaches, weapons already charging. They must be on quite the killing spree in this territory, and they're ready to take a break from Scientist and Civilian ships and fight yours!</text>
	<text>Despite their advanced technology, it seems the scientists have been unable to completely wipe out the pirates. There's one heading straight towards your ship!</text>
	<text>You catch the glimpse of purple fly past. Not long after, a pirate ship comes into view. "Haha! I have claimed the lives of many Civilians, and now I shall claim yours! Prepare to fight!"</text>
</textList>

<event name="ENCOUNTER_PIRATE_RAD_SCIENCE_ONLY" unique="true">
	<text load="TEXT_ENCOUNTER_PIRATE_RAD_SCIENCE_ONLY" />
	<ship load="SHIP_RAD_SCIENCE_INTERCEPTOR_PIRATE" hostile="true" />
	<choice hidden="true">
		<text>Continue...</text>
		<event load="COMBAT_CHECK" />
	</choice>
</event>
<textList name="TEXT_ENCOUNTER_PIRATE_RAD_SCIENCE_ONLY">
	<text>The science fleet boasts a large amount of ships, but this also makes them a prime target for pirates in need of a new ride. A pirate controlled science ship approaches, weapons blazing.</text>
	<text>A pirate ship, looking to test out the new gear they just stole from the Scientists, locks onto your ship and attacks!</text>
	<text>At first you assume the ship here is just another ordinary scienctist ship, until you see the pirate paint decorating its hull. Pirates inbound!</text>
</textList>

<event name="ENCOUNTER_REBEL_RAD_SCIENCE">
	<text load="TEXT_ENCOUNTER_REBEL_RAD_SCIENCE" />
	<ship load="SHIP_REBEL_ALL" hostile="true" />
	<choice hidden="true">
		<text>Continue...</text>
		<event load="COMBAT_CHECK" />
	</choice>
</event>
<textList name="TEXT_ENCOUNTER_REBEL_RAD_SCIENCE">
	<text>"The Rebellion shall never cease! All who ally with the Federation will be killed!" You doubt the moral superiority of murdering civilians only trying to protect their sectors, but if the Rebels want a fight, a fight they will get.</text>
	<text>The Rebellion seem to hold a grudge against the Scientists, probably becuase they've lost their money at one too many Scientist Casinos. The Rebel ship here seems hell-bent on a fight, and since you're the only ship here they decide you will be a satisfactory opponent.</text>
	<text>A Rebel ship has picked clean the remains of a Civilian station. Nearly seconds after you jump in they spot you and decide to make you their next target.</text>
</textList>

<!--
\\\\\\\\\\\\\\\\\\\\\\\\\\\\\\\\\\\\\\\\\\\\\\\\\\\\\\\\\\\\\\\\\\\\\\\\\\\\\\\\\\\\\\\\\\\\\\\\\\\\\\\\\\\\\\\\\\\\\\\\\\\\\\\\\\\\\\
\\\\\\\\\\\\\\\\\\\\\\\\\\\\\\\\\\\\\\\\\\\\\\\\\\\\\\\\\\\\\\\\\\\\\\\\\\\\\\\\\\\\\\\\\\\\\\\\\\\\\\\\\\\\\\\\\\\\\\\\\\\\\\\\\\\\\\
					UNIQUE EVENTS
\\\\\\\\\\\\\\\\\\\\\\\\\\\\\\\\\\\\\\\\\\\\\\\\\\\\\\\\\\\\\\\\\\\\\\\\\\\\\\\\\\\\\\\\\\\\\\\\\\\\\\\\\\\\\\\\\\\\\\\\\\\\\\\\\\\\\\
\\\\\\\\\\\\\\\\\\\\\\\\\\\\\\\\\\\\\\\\\\\\\\\\\\\\\\\\\\\\\\\\\\\\\\\\\\\\\\\\\\\\\\\\\\\\\\\\\\\\\\\\\\\\\\\\\\\\\\\\\\\\\\\\\\\\\\
-->
  <ship name="SHIP_RAD_SCIENCE_ELITE_FIGHT" auto_blueprint="LIST_SHIPS_RAD_SCIENCE_ELITE">
    <destroyed load="DESTROYED_RAD_SCIENCE_ELITE" />
    <deadCrew load="DEAD_CREW_RAD_SCIENCE_ELITE" />
  </ship>

  <event name="DESTROYED_RAD_SCIENCE_ELITE">
    <text>You've managed to destroy one of the most dangerous ships in the sector, you scrap their ship and come out richer for it.</text>
    <autoReward level="MED">standard</autoReward>
  </event>

  <event name="DEAD_CREW_RAD_SCIENCE_ELITE">
    <text>As the last soldier falls, your crew begin scraping their ship. you leave their ship with bucket loads of scrap.</text>
    <autoReward level="HIGH">standard</autoReward>
  </event>
  
  <event name="ENCOUNTER_RAD_SCIENCE_ELITE">
	  <text>The vessels of the Elite R&amp;D Defense Force are some of the deadliest in the Scientist fleet, and for good reason. Boasting highly trained crew, these ships don't mess around in combat. Unfortunately for you, the ship here deems you a threat and attacks!</text>
	  <ship load="SHIP_RAD_SCIENCE_ELITE_FIGHT" hostile="true" />
	  <choice hidden="true">
		  <text>Continue...</text>
		  <event load="COMBAT_CHECK" />
	  </choice>
  </event>

  <eventList name="STORELIST_RAD_SCIENCE">
    <event load="STOREEVENT_ALIENS" />
    <event load="STOREEVENT_OUTPOST" />
    <event load="STOREEVENT_MERCHANTS" />
    <event load="STOREEVENT_REFUELING" />
    <event load="STOREEVENT_DAMAGED" />
    <event load="STOREEVENT_TERRAFORMING" />
    <event load="STOREEVENT_WEATHER_STUCK" />

    <event load="STOREEVENT_FED_AUTO" />
    <event load="STOREEVENT_FED_MARKET" />
    <event load="STOREEVENT_FED_OUTPOSTDAMAGE" />
    <event load="STOREEVENT_FED_NOTFREE" />

    <event load="STOREEVENT_UNION_WAR_ORPHANS" />

    <event load="STOREEVENT_ENGI_THREAT" />
    <event load="STOREEVENT_ENGI_SMITH" />

    <event load="STOREEVENT_ZOLTAN_MERCHANT" />
    <event load="STOREEVENT_ZOLTAN_MONK" />

    <event load="STOREEVENT_ORCHID_STATION" />
    <event load="STOREEVENT_ORCHID_FIRE" />

    <event load="STOREEVENT_VAMPWEED_TERRAFORMER" />

    <event load="STOREEVENT_CRYSTAL_COLLECTOR" />

    <event load="STOREEVENT_FREEMANTIS_FREE" />

    <event load="STOREEVENT_MANTIS_WHALE" />

    <event load="STOREEVENT_ROCK_RACIST" />

    <event load="STOREEVENT_PIRATE_REFUELING" />
    <event load="STOREEVENT_PIRATE_SECURITY" />
  </eventList>
  
<!--
\\\\\\\\\\\\\\\\\\\\\\\\\\\\\\\\\\\\\\\\\\\\\\\\\\\\\\\\\\\\\\\\\\\\\\\\\\\\\\\\\\\\\\\\\\\\\\\\\\\\\\\\\\\\\\\\\\\\\\\\\\\\\\\\\\\\\\
\\\\\\\\\\\\\\\\\\\\\\\\\\\\\\\\\\\\\\\\\\\\\\\\\\\\\\\\\\\\\\\\\\\\\\\\\\\\\\\\\\\\\\\\\\\\\\\\\\\\\\\\\\\\\\\\\\\\\\\\\\\\\\\\\\\\\\
					SPECIAL EVENTS
\\\\\\\\\\\\\\\\\\\\\\\\\\\\\\\\\\\\\\\\\\\\\\\\\\\\\\\\\\\\\\\\\\\\\\\\\\\\\\\\\\\\\\\\\\\\\\\\\\\\\\\\\\\\\\\\\\\\\\\\\\\\\\\\\\\\\\
\\\\\\\\\\\\\\\\\\\\\\\\\\\\\\\\\\\\\\\\\\\\\\\\\\\\\\\\\\\\\\\\\\\\\\\\\\\\\\\\\\\\\\\\\\\\\\\\\\\\\\\\\\\\\\\\\\\\\\\\\\\\\\\\\\\\\\
-->

  
  <event name="RAD_MAIN_LAB">
    <preventQuest />
    <beaconType id="map_icon_rad_main_lab" global="true">
      <color r="146" g="232" b="228" a="1"/>
      <unvisitedTooltip>The Main Base of the Scientists.</unvisitedTooltip>
      <visitedTooltip>The Main Base of the Scientists.</visitedTooltip>
    </beaconType>
    <text>You've arrived the main base of the scientists. it appears the station is understaffed, with most of the fleet moving off to deal with the advancing rebel threat.</text>
    <img back="BG_RAD_SCIENCE" planet="NONE" />
    <ship load="RAD_MAIN_LAB_WALK" hostile="false" />
    <choice>
      <text>Continue...</text>
      <event>
        <text>With most of the staff off the station, you could sneak aboard and gain access to the tech onboard the station, there even appears to be a large cruiser underconstruction off to one side of the station.</text>
        <choice>
          <text>Board the station.</text>
          <event load="RAD_MAIN_BOARD" />
        </choice>
        <choice>
          <text>Leave.</text>
          <event load="RAD_MAIN_LEAVE" />
        </choice>
      </event>
    </choice>
  </event>

  <event name="RAD_MAIN_LEAVE">
    <text>You leave the area.</text>
    <choice>
      <text>Do something onboard the ship.</text>
      <event load="STORAGE_CHECK" />
    </choice>
    <choice>
      <text>Do nothing.</text>
      <event />
    </choice>
  </event>

  <event name="RAD_MAIN_BOARD">
    <status type="limit" target="player" system="teleporter" amount="0" />
    <status type="limit" target="player" system="sensors" amount="0" />
    <variable name="loc_rad_board_charged" op="set" val="0"/>
    <eventButton name="UI_RAD_BOARD">
      <event load="RAD_MAIN_RETURN"/>
      <image>statusUI/rad_board</image>
      <customLocation x="979" y="613"/>
      <tooltip>Leave the station (You cannot come back).</tooltip>
      <inactiveTooltip>Your crew need to be in the teleporter room to leave.</inactiveTooltip>
      <req>loc_rad_board_charged</req>
      <jumpClear>true</jumpClear>
    </eventButton>
    <triggeredEvent event="RAD_MAIN_DISABLE_DOORS" loop="1" thisFight="false" minTime="120" maxTime="120">
      <triggeredEventBox load="DEFAULT_TIMER">
        <warning time="5.0" flash="true" />
        <tooltip>The enemy's door system will be disabled after this time.</tooltip>
      </triggeredEventBox>
    </triggeredEvent>
  </event>

  <event name="RAD_MAIN_DISABLE_DOORS">
    <status type="limit" target="enemy" system="doors" amount="0" />
  </event>

  <event name="RAD_MAIN_RETURN">
    <status type="clear" target="enemy" system="door" amount="100" />
    <status type="clear" target="player" system="teleporter" amount="100" />
    <status type="clear" target="player" system="sensors" amount="100" />
    <variable name="loc_rad_board_charged" op="set" val="0"/>
    <!--triggeredEvent event="RAD_MAIN_RETURN2" seeded="false" loops="1" thisFight="true" minTime="1.0" maxTime="1.0" /-->
    <triggeredEvent event="RAD_MAIN_RETURN2" loops="1" thisFight="false" minTime="1.0" maxTime="1.0" />
  </event>

  <event name="RAD_MAIN_RETURN2">
    <text>Well you certainly won't be able to blow up the station, but your covert infiltration mission went well.</text>
  </event>
    
  <ship name="RAD_MAIN_LAB_WALK" auto_blueprint="RAD_MAIN_LAB_WALK" />

  <ship name="SHIP_RAD_SCIENCE_MAIN_1" auto_blueprint="RAD_SCIENCE_ENEMY_CORVETTE_1">
    <destroyed load="RAD_MAIN_2" />
  </ship>
  
  <ship name="SHIP_RAD_SCIENCE_MAIN_2" auto_blueprint="RAD_SCIENCE_ENEMY_CORVETTE_2">
    <destroyed load="RAD_MAIN_3" />
  </ship>

  <ship name="SHIP_RAD_SCIENCE_MAIN_3" auto_blueprint="RAD_SCIENCE_ENEMY_CORVETTE_3">
    <destroyed load="RAD_MAIN_4" />
  </ship>
  
  <event name="RAD_MAIN_1">
    <!--changeBackground>BG_RAD_SCIENCE</changeBackground-->
    <!--img back="BG_RAD_SCIENCE" planet="NONE" /-->
    <preventQuest />
    <beaconType id="map_icon_rad_corvette" global="true">
      <color r="146" g="232" b="228" a="1"/>
    </beaconType>
    <preventFleet/>
    <text>You arrive at the beacon and meet face to face with a massive scientist corvette. It appears to be a finished version of the ship in the dockyard, and it looks like you're in for a fight.</text>
    <ship load="SHIP_RAD_SCIENCE_MAIN_1" hostile="true" />
    <choice>
      <text>Continue...</text>
      <event load="COMBAT_CHECK" />
    </choice>
  </event>

  <event name="RAD_MAIN_2">
    <text>The corvette appears to explode, however it only sustains minor damage. The ship still needs repairs though and it jumps away.</text>
    <autoReward level="LOW">standard</autoReward>
    <quest event="RAD_MAIN_2_SHIP" />
  </event>

  <event name="RAD_MAIN_3">
    <text>The corvette appears to explode, however it only sustains minor damage. The ship still needs repairs though and it jumps away.</text>
    <autoReward level="LOW">standard</autoReward>
    <quest event="RAD_MAIN_3_SHIP" />
  </event>

  <event name="RAD_MAIN_2_SHIP">
    <!--changeBackground>BG_RAD_SCIENCE</changeBackground-->
    <!--img back="BG_RAD_SCIENCE" planet="NONE" /-->
    <preventQuest />
    <beaconType id="map_icon_rad_corvette" global="true">
      <color r="146" g="232" b="228" a="1"/>
    </beaconType>
    <preventFleet/>
    <ship load="SHIP_RAD_SCIENCE_MAIN_2" hostile="false" />
    <text>Even with a piece of the ship missing, they're still fighting and even powering on some more systems. You have a few moments to catch your breath before the ship is within combat range.</text>
    <damage amount="-5" />
    <triggeredEvent event="RAD_MAIN_2_SHIP_2" loops="1" minTime="5" maxTime="5">
      <triggeredEventBox load="DEFAULT_TIMER">
        <warning time="5.0" flash="true" />
        <tooltip>The corvette will be up and running after this cooldown ends.</tooltip>
      </triggeredEventBox>
    </triggeredEvent>
  </event>

  <event name="RAD_MAIN_2_SHIP_2">
    <text>The corvette is within firing distance...</text>
    <ship hostile="true" />
    <choice>
      <text>Continue...</text>
      <event load="COMBAT_CHECK" />
    </choice>
  </event>

  <event name="RAD_MAIN_3_SHIP">
    <!--changeBackground>BG_RAD_SCIENCE</changeBackground-->
    <!--img back="BG_RAD_SCIENCE" planet="NONE" /-->
    <preventQuest />
    <beaconType id="map_icon_rad_corvette" global="true">
      <color r="146" g="232" b="228" a="1"/>
    </beaconType>
    <preventFleet/>
    <text>You've followed the science corvette, However the ship still isn't dead. You have a few moments before the enemy ship is able to attack you.</text>
    <damage amount="-5" />
    <ship load="SHIP_RAD_SCIENCE_MAIN_3" hostile="false" />
    <triggeredEvent event="RAD_MAIN_3_SHIP_2" loops="1" minTime="5" maxTime="5">
      <triggeredEventBox load="DEFAULT_TIMER">
        <warning time="5.0" flash="true" />
        <tooltip>The corvette will be up and running after this cooldown ends.</tooltip>
      </triggeredEventBox>
    </triggeredEvent>
  </event>

  <event name="RAD_MAIN_3_SHIP_2">
    <text>The corvette is within firing distance...</text>
    <ship hostile="true" />
    <choice>
      <text>Continue...</text>
      <event load="COMBAT_CHECK" />
    </choice>
  </event>

  <event name="RAD_MAIN_WEAPON">
    <text>You've entered the armoury, it appears mostly cleaned out, however there is a weapon still on the racks.</text>
    <weapon name="LABRATORY_WEAPONS" />
  </event>
  <event name="RAD_MAIN_SHIELD">
    <text>You've entered the storage room. Theres a few pieces of machinery, however you're only going to be able to fit one on the teleporter.</text>
    <choice>
      <text>Take the augment:</text>
      <event>
        <augment name="LABRATORY_AUGMENTS"/>
      </event>
    </choice>
    <choice>
      <text>Take the augment:</text>
      <event>
        <augment name="LABRATORY_AUGMENTS"/>
      </event>
    </choice>
    <choice>
      <text>Take the augment:</text>
      <event>
        <augment name="GIFTLIST_AUGMENT_COMBAT"/>
      </event>
    </choice>
    <choice>
      <text>Take the augment:</text>
      <event>
        <augment name="GIFTLIST_AUGMENT_COMBAT"/>
      </event>
    </choice>
    <choice>
      <text>Leave without taking anything.</text>
      <event>
      </event>
    </choice>
  </event>
  <event name="RAD_MAIN_ENGINE">
    <text>You've entered the reactor control room.</text>
    <choice>
      <text>Turn off the security system.</text>
      <event>
        <status type="limit" target="enemy" system="doors" amount="0" />
        <text>The door system turns off.</text>
      </event>
    </choice>
  </event>
  <event name="RAD_MAIN_CLONE">
    <text>You've entered the cryogenics room. There appears to be a human frozen in one of the pods.</text>
    <choice>
      <text>Open the pod.</text>
      <event>
        <text>You open the pod and release the human, they're confused but offer to join your crew.</text>
        <crewMember amount="1" class="rad_scientist" />
      </event>
    </choice>
    <choice>
      <text>Leave him be.</text>
      <event />
    </choice>
  </event>
  <event name="RAD_MAIN_PILOT">
    <text>You've entered the shipyard control room. The console connected to it is locked down.</text>
    <choice blue="true">
      <text>Unlock the console.</text>
      <event>
        <text>You use the password downloaded from the data storage center to unlock the console.
        
You're able to download the scientist data for a new type of cruiser they're building, it appears one is being tested in the field right now, you download the tracking data for the ship.</text>
        <quest event="RAD_MAIN_1" />
      </event>
    </choice>
  </event>
  <event name="RAD_MAIN_HACK">
    <text>You've entered the datastorage room. You're able to download an access code for the shipyard control center (piloting room).</text>
  </event>

  <event name="RAD_MAIN_4">
    <text>The ship finally explodes into a field of debris, you begin patching up your hull before looting the kill.</text>
    <damage amount="-5" />
    <autoReward level="HIGH">standard</autoReward>
    <weapon name="LABRATORY_WEAPONS" />
    <unlockCustomShip silent="false">PLAYER_SHIP_RAD_CORVETTE</unlockCustomShip>
    <choice hidden="true">
      <text>Continue...</text>
      <event>
        <text>You find a small storage crate filled with loot floating among the wreckage.</text>
        <autoReward level="MED">standard</autoReward>
        <weapon name="LABRATORY_WEAPONS" />
      </event>
    </choice>
  </event>
  
</FTL>
