<?xml version="1.0" encoding="UTF-8"?>

<!--Copyright (c) 2012 by Subset Games. All rights reserved.-->
<img x="-89" y="-22" w="529" h="587" />
<offsets>
	<floor x="264" y="293" />
	<cloak x="0" y="0" />
</offsets>
<weaponMounts>
	<mount x="364" y="247" rotate="false" mirror="false" gib="-1" slide="up" />
	<mount x="165" y="247" rotate="false" mirror="true" gib="-1" slide="up" />
	<mount x="296" y="283" rotate="false" mirror="false" gib="-1" slide="up" />
	<mount x="232" y="283" rotate="false" mirror="true" gib="-1" slide="up" />
	<mount x="334" y="150" rotate="false" mirror="false" gib="-1" slide="right" />
	<mount x="195" y="150" rotate="false" mirror="true" gib="-1" slide="left" />
	<mount x="379" y="78" rotate="false" mirror="true" gib="-1" slide="left" />
	<mount x="150" y="78" rotate="false" mirror="false" gib="-1" slide="right" />
</weaponMounts>
<explosion />

