<?xml version="1.0" encoding="UTF-8"?>

<!--Copyright (c) 2012 by Subset Games. All rights reserved.-->
<img x="-115" y="-77" w="462" h="434" />
<offsets>
	<floor x="109" y="71" />
	<cloak x="-25" y="-25" />
</offsets>
<weaponMounts>
	<mount x="360" y="427" rotate="true" mirror="false" gib="-1" slide="down" />
	<mount x="360" y="7" rotate="true" mirror="true" gib="-1" slide="up" />
	<mount x="430" y="42" rotate="true" mirror="true" gib="-1" slide="right" />
</weaponMounts>
<explosion />

