<?xml version="1.0" encoding="UTF-8"?>

<!--Copyright (c) 2012 by Subset Games. All rights reserved.-->
<img x="-75" y="-39" w="440" h="325" />
<offsets>
	<floor x="69" y="33" />
	<cloak x="-10" y="-10" />
</offsets>
<weaponMounts>
	<mount x="360" y="80" rotate="true" mirror="true" gib="6" slide="right" />
	<mount x="360" y="120" rotate="true" mirror="false" gib="6" slide="right" />
	<mount x="230" y="29" rotate="true" mirror="true" gib="6" slide="up" />
	<mount x="300" y="294" rotate="true" mirror="false" gib="5" slide="down" />
	<mount x="219" y="122" rotate="true" mirror="false" gib="-1" slide="up" />
	<mount x="215" y="123" rotate="true" mirror="false" gib="-1" slide="up" />
</weaponMounts>
<explosion>
	<gib1>
		<velocity min="0.10" max="0.20" />
		<direction min="0" max="360" />
		<angular min="-0.30" max="0.30" />
		<x>205</x>
		<y>60</y>
	</gib1>
	<gib2>
		<velocity min="0.20" max="0.40" />
		<direction min="160" max="200" />
		<angular min="-0.40" max="0.40" />
		<x>70</x>
		<y>108</y>
	</gib2>
	<gib3>
		<velocity min="0.40" max="0.60" />
		<direction min="220" max="260" />
		<angular min="-0.60" max="-0.20" />
		<x>130</x>
		<y>127</y>
	</gib3>
	<gib4>
		<velocity min="0.30" max="0.50" />
		<direction min="20" max="70" />
		<angular min="-0.30" max="0.30" />
		<x>17</x>
		<y>0</y>
	</gib4>
	<gib5>
		<velocity min="0.40" max="0.80" />
		<direction min="110" max="160" />
		<angular min="-0.30" max="0.30" />
		<x>0</x>
		<y>61</y>
	</gib5>
	<gib6>
		<velocity min="0.20" max="0.50" />
		<direction min="330" max="350" />
		<angular min="-0.30" max="0.30" />
		<x>72</x>
		<y>0</y>
	</gib6>
</explosion>

