<?xml version="1.0" encoding="UTF-8"?>
<metadata>
	<title><![CDATA[ R&D - FTL MV Addon ]]></title>

	<threadUrl><![CDATA[ https://ftlmultiverse.boards.net/thread/24/weapons-quests-more ]]></threadUrl>

	<author><![CDATA[ Arc ]]></author>

	<version><![CDATA[ 1.0.0 ]]></version>

	<description>
<![CDATA[
R&D is a collection of weapons, drones, augments, and even ships, which all stem from the most advanced labratory from across the multiverse.

What R&D stands for, no one knows for sure.
]]>
	</description>
</metadata>
