<?xml version="1.0" encoding="UTF-8"?>
<metadata>
	<!--
		CDATA tags mean no need to escape special characters.
		Don't worry about spaces at the start/end. That gets trimmed.
	-->


	<!-- The title of this mod. -->
	<title><![CDATA[ R&D - FTL MV Addon ]]></title>


	<!--
		This mod's thread on subsetgames.com.
		If there's no thread yet, create one to announce your upcoming mod in the
		forum. Then paste the url here.
	-->
	<threadUrl><![CDATA[ R&D - FTL MV Addon ]]></threadUrl>


	<!-- Your forum user name. -->
	<author><![CDATA[ Arc ]]></author>


	<!--
		The revision/variant of this release, preferably at least a number.
		Examples:
			0.3
			2.1c Ships Only WIP
			2.4.1 Hi-res Bkgs
			1.0 for FTL 1.03.1
	-->
	<version><![CDATA[ 0.1 ]]></version>


	<description>
<![CDATA[
R&D is a collection of weapons, drones, augments, and maybe even ships at some point which all stem from the most advanced labratories across the multiverse.

What R&D stands for, no one knows for sure.
]]>
	</description>

	<!--
		Suggestions for the description...

		Write a short paragraph about the mod's effect first (what style ship, how
		does it affect gameplay). No need to introduce yourself.

		Optionally add a paragraph of background flavor.

		Optionally list important features.

		List any concerns about mod compatibility, preferred order, or requirements.

		Mention "Replaces the XYZ ship." if relevant.
			Kestrel-A, Engi-A,    Fed-A,     Zoltan-A,
			Stealth-A, Rock-A,    Slug-A,    Mantis-A,
			Lanius-A,  Crystal-A

		Above all, keep the description general, so you won't have to edit
		that again for each new version.
	-->
</metadata>
