<?xml version="1.0" encoding="UTF-8"?>

<!--Copyright (c) 2012 by Subset Games. All rights reserved.-->
<img x="-41" y="-31" w="434" h="462" />
<offsets>
	<floor x="217" y="231" />
	<cloak x="-25" y="-25" />
</offsets>
<weaponMounts>
	<mount x="429" y="108" rotate="false" mirror="false" gib="-1" slide="right" />
	<mount x="5" y="108" rotate="false" mirror="true" gib="-1" slide="left" />
	<mount x="429" y="289" rotate="false" mirror="false" gib="-1" slide="right" />
	<mount x="5" y="289" rotate="false" mirror="true" gib="-1" slide="left" />
</weaponMounts>
<explosion />

